Unnamed: 0,Stadtbezirk,Ortsteil,Straße,HNr,HNrZusatz,PLZ,Gebaeudelage,Eigentumsform,Gebäudeart,Gebäudetyp,Nutzungszusatz,Anzahl Geschosse,Anzahl Wohneinheiten,Anzahl Gewerbeeinheiten,Aufzug,Baujahr,Baujahr Geschaetzt,Begehungsdatum,Denkmalschutz,Energieausweis Vorhanden,Heizungsart,Plattenbau,Stellplatz,Tiefgarage,Teilsanierung,Vollsanierung,Vollsanierung Geschaetzt,street,house_nr,hnr_add,building_id
15042,0 - Mitte,06 - Zentrum-Nord,Balzacstraße,1,,4105.0,01 - Vorderhaus,6 - Privateigentum,13 - Wohngebäude,135 - Mehrfamilien – Reihenhaus,,4.0,6.0,2.0,Nein,1900.0,Nein,2013-03-08,Ja,Nein,2 - Zentralheizung,Nein,Nein,Nein,Nein,1999.0,Nein,Balzacstraße,1.0,,DESN_00044B7
16958,0 - Mitte,06 - Zentrum-Nord,Berliner Straße,5,,4105.0,01 - Vorderhaus,6 - Privateigentum,13 - Wohngebäude,134 - Mehrfamilien – Einzelhaus,,4.0,7.0,3.0,Nein,1870.0,Nein,2010-10-26,Nein,Nein,2 - Zentralheizung,Nein,Nein,Nein,Nein,1995.0,Nein,Berliner Straße,5.0,,DESN_0005XQC
16959,0 - Mitte,06 - Zentrum-Nord,Berliner Straße,5,,4105.0,01 - Vorderhaus,6 - Privateigentum,13 - Wohngebäude,134 - Mehrfamilien – Einzelhaus,,4.0,7.0,3.0,Nein,1870.0,Nein,2010-10-26,Nein,Nein,2 - Zentralheizung,Nein,Nein,Nein,Nein,1995.0,Nein,Berliner Straße,5.0,,DESN_0005XQD
16964,0 - Mitte,06 - Zentrum-Nord,Berliner Straße,12,,4105.0,01 - Vorderhaus,6 - Privateigentum,14 - Öffentliche Nutzung,143 - Sonstiges,0 - mit Wohnnutzung,5.0,5.0,0.0,Ja,1900.0,Nein,2010-10-26,Ja,Nein,2 - Zentralheizung,Nein,Nein,Nein,Nein,1995.0,Nein,Berliner Straße,12.0,,DESN_0005VOQ
16969,0 - Mitte,06 - Zentrum-Nord,Berliner Straße,14,,4105.0,01 - Vorderhaus,6 - Privateigentum,13 - Wohngebäude,135 - Mehrfamilien – Reihenhaus,0 - mit Wohnnutzung,5.0,10.0,0.0,Nein,1879.0,Nein,2010-10-26,Ja,Nein,2 - Zentralheizung,Nein,Nein,Nein,Nein,1995.0,Nein,Berliner Straße,14.0,,DESN_0015YRD
16970,0 - Mitte,06 - Zentrum-Nord,Berliner Straße,14,,4105.0,01 - Vorderhaus,6 - Privateigentum,13 - Wohngebäude,135 - Mehrfamilien – Reihenhaus,0 - mit Wohnnutzung,5.0,10.0,0.0,Nein,1879.0,Nein,2010-10-26,Ja,Nein,2 - Zentralheizung,Nein,Nein,Nein,Nein,1995.0,Nein,Berliner Straße,14.0,,DESN_0005XQN
35907,0 - Mitte,06 - Zentrum-Nord,Erich-Weinert-Straße,14,,4105.0,01 - Vorderhaus,1 - Kommunal,13 - Wohngebäude,135 - Mehrfamilien – Reihenhaus,,5.0,10.0,0.0,Nein,1900.0,Nein,2013-03-07,k.A.,Nein,3 - Ofenheizung,Nein,Nein,Nein,Nein,,Nein,Erich-Weinert-Straße,14.0,,DESN_0005XPY
35908,0 - Mitte,06 - Zentrum-Nord,Erich-Weinert-Straße,16,,4105.0,01 - Vorderhaus,4 - Sonstige,14 - Öffentliche Nutzung,142 - Bürohaus,,6.0,0.0,0.0,Ja,1996.0,Nein,2013-03-07,k.A.,Nein,2 - Zentralheizung,Nein,Nein,Nein,Nein,,Nein,Erich-Weinert-Straße,16.0,,DESN_0018LMW
35910,0 - Mitte,06 - Zentrum-Nord,Erich-Weinert-Straße,19,,4105.0,01 - Vorderhaus,4 - Sonstige,14 - Öffentliche Nutzung,142 - Bürohaus,,3.0,0.0,0.0,Nein,1920.0,Nein,2013-03-07,k.A.,Nein,2 - Zentralheizung,Nein,Nein,Nein,Nein,2000.0,Nein,Erich-Weinert-Straße,19.0,,DESN_0005XQG
36803,0 - Mitte,06 - Zentrum-Nord,Ernst-Pinkert-Straße,9,,4105.0,01 - Vorderhaus,6 - Privateigentum,13 - Wohngebäude,135 - Mehrfamilien – Reihenhaus,,5.0,9.0,0.0,Nein,1870.0,Nein,2002-10-28,Ja,Nein,3 - Ofenheizung,Nein,Nein,Nein,Nein,,Nein,Ernst-Pinkert-Straße,9.0,,DESN_0005XMN
36804,0 - Mitte,06 - Zentrum-Nord,Ernst-Pinkert-Straße,10,,4105.0,01 - Vorderhaus,6 - Privateigentum,13 - Wohngebäude,135 - Mehrfamilien – Reihenhaus,,5.0,8.0,1.0,Nein,1870.0,Nein,2002-10-28,Ja,Nein,3 - Ofenheizung,Nein,Nein,Nein,Nein,,Nein,Ernst-Pinkert-Straße,10.0,,DESN_001AVJU
36807,0 - Mitte,06 - Zentrum-Nord,Ernst-Pinkert-Straße,13,,4105.0,01 - Vorderhaus,6 - Privateigentum,13 - Wohngebäude,135 - Mehrfamilien – Reihenhaus,,4.0,7.0,0.0,Nein,1870.0,Nein,2002-10-28,Ja,Nein,2 - Zentralheizung,Nein,Nein,Nein,Nein,1997.0,Nein,Ernst-Pinkert-Straße,13.0,,DESN_0005XNL
36810,0 - Mitte,06 - Zentrum-Nord,Ernst-Pinkert-Straße,13,,4105.0,83 - Hinterhaus,6 - Privateigentum,13 - Wohngebäude,134 - Mehrfamilien – Einzelhaus,0 - mit Wohnnutzung,4.0,3.0,0.0,Nein,1870.0,Nein,2002-10-28,k.A.,Nein,2 - Zentralheizung,Nein,Nein,Nein,Nein,2013.0,Nein,Ernst-Pinkert-Straße,13.0,,DESN_0005XNL
36813,0 - Mitte,06 - Zentrum-Nord,Ernst-Pinkert-Straße,15,,4105.0,01 - Vorderhaus,6 - Privateigentum,13 - Wohngebäude,135 - Mehrfamilien – Reihenhaus,,4.0,7.0,0.0,Nein,1870.0,Nein,2002-10-28,Ja,Nein,2 - Zentralheizung,Nein,Nein,Nein,Nein,2008.0,Nein,Ernst-Pinkert-Straße,15.0,,DESN_0005XO6
36814,0 - Mitte,06 - Zentrum-Nord,Ernst-Pinkert-Straße,15,,4105.0,81 - Linkes Seitenhaus,6 - Privateigentum,13 - Wohngebäude,135 - Mehrfamilien – Reihenhaus,,4.0,4.0,0.0,Nein,1870.0,Nein,2002-10-28,k.A.,Nein,2 - Zentralheizung,Nein,Nein,Nein,Nein,2008.0,Nein,Ernst-Pinkert-Straße,15.0,,DESN_0005XO6
36815,0 - Mitte,06 - Zentrum-Nord,Ernst-Pinkert-Straße,17,,4105.0,01 - Vorderhaus,6 - Privateigentum,13 - Wohngebäude,135 - Mehrfamilien – Reihenhaus,,4.0,11.0,1.0,Nein,1870.0,Nein,2002-10-28,Ja,Nein,2 - Zentralheizung,Nein,Nein,Nein,Nein,2000.0,Nein,Ernst-Pinkert-Straße,17.0,,DESN_0005XOI
37192,0 - Mitte,06 - Zentrum-Nord,Eutritzscher Straße,1,,4105.0,01 - Vorderhaus,1 - Kommunal,13 - Wohngebäude,135 - Mehrfamilien – Reihenhaus,,6.0,30.0,0.0,Nein,1960.0,Nein,2013-03-12,k.A.,Nein,1 - Fernheizung,Nein,Nein,Nein,Nein,,Nein,Eutritzscher Straße,1.0,,DESN_0005VOR
37193,0 - Mitte,06 - Zentrum-Nord,Eutritzscher Straße,3,,4105.0,01 - Vorderhaus,6 - Privateigentum,13 - Wohngebäude,135 - Mehrfamilien – Reihenhaus,,5.0,4.0,3.0,Nein,1870.0,Nein,2013-03-12,k.A.,Nein,2 - Zentralheizung,Nein,Nein,Nein,Nein,2014.0,Nein,Eutritzscher Straße,3.0,,DESN_00069QB
37194,0 - Mitte,06 - Zentrum-Nord,Eutritzscher Straße,3,,4105.0,01 - Vorderhaus,6 - Privateigentum,13 - Wohngebäude,135 - Mehrfamilien – Reihenhaus,,5.0,4.0,3.0,Nein,1870.0,Nein,2013-03-12,k.A.,Nein,2 - Zentralheizung,Nein,Nein,Nein,Nein,2014.0,Nein,Eutritzscher Straße,3.0,,DESN_00069QC
37195,0 - Mitte,06 - Zentrum-Nord,Eutritzscher Straße,3,,4105.0,83 - Hinterhaus,6 - Privateigentum,13 - Wohngebäude,135 - Mehrfamilien – Reihenhaus,,5.0,10.0,0.0,Ja,1870.0,Nein,2013-03-12,k.A.,Nein,2 - Zentralheizung,Nein,Nein,Nein,Nein,2013.0,Nein,Eutritzscher Straße,3.0,,DESN_00069QB
37196,0 - Mitte,06 - Zentrum-Nord,Eutritzscher Straße,3,,4105.0,83 - Hinterhaus,6 - Privateigentum,13 - Wohngebäude,135 - Mehrfamilien – Reihenhaus,,5.0,10.0,0.0,Ja,1870.0,Nein,2013-03-12,k.A.,Nein,2 - Zentralheizung,Nein,Nein,Nein,Nein,2013.0,Nein,Eutritzscher Straße,3.0,,DESN_00069QC
37197,0 - Mitte,06 - Zentrum-Nord,Eutritzscher Straße,5,,4105.0,01 - Vorderhaus,1 - Kommunal,13 - Wohngebäude,135 - Mehrfamilien – Reihenhaus,,4.0,10.0,0.0,Nein,1870.0,Nein,2013-03-12,k.A.,Nein,2 - Zentralheizung,Nein,Nein,Nein,Nein,2007.0,Nein,Eutritzscher Straße,5.0,,DESN_0005XOM
37200,0 - Mitte,06 - Zentrum-Nord,Eutritzscher Straße,7,,4105.0,01 - Vorderhaus,6 - Privateigentum,13 - Wohngebäude,135 - Mehrfamilien – Reihenhaus,,5.0,8.0,8.0,Nein,1870.0,Nein,2013-03-12,Ja,Nein,2 - Zentralheizung,Nein,Nein,Nein,Nein,1998.0,Nein,Eutritzscher Straße,7.0,,DESN_0005XOL
37202,0 - Mitte,06 - Zentrum-Nord,Eutritzscher Straße,9,,4105.0,01 - Vorderhaus,6 - Privateigentum,13 - Wohngebäude,135 - Mehrfamilien – Reihenhaus,,5.0,8.0,1.0,Nein,1870.0,Nein,2013-03-12,Ja,Nein,5 - Etagenheizung,Nein,Nein,Nein,Nein,2016.0,Nein,Eutritzscher Straße,9.0,,DESN_{69AE8A24-4875-40CF-9E14-1BAB34A68057}
37203,0 - Mitte,06 - Zentrum-Nord,Eutritzscher Straße,10,,4105.0,01 - Vorderhaus,6 - Privateigentum,13 - Wohngebäude,135 - Mehrfamilien – Reihenhaus,,5.0,8.0,0.0,Nein,1870.0,Nein,2013-03-12,k.A.,Nein,3 - Ofenheizung,Nein,Nein,Nein,Nein,,Nein,Eutritzscher Straße,10.0,,DESN_0005XP4
37204,0 - Mitte,06 - Zentrum-Nord,Eutritzscher Straße,11,,4105.0,01 - Vorderhaus,6 - Privateigentum,13 - Wohngebäude,135 - Mehrfamilien – Reihenhaus,0 - mit Wohnnutzung,5.0,12.0,2.0,Ja,1880.0,Nein,2013-03-12,Ja,Ja,2 - Zentralheizung,Nein,Nein,Nein,Nein,2013.0,Nein,Eutritzscher Straße,11.0,,DESN_{4794EAE8-58CA-45A6-8BCB-E8A6FCBA6FEB}
37206,0 - Mitte,06 - Zentrum-Nord,Eutritzscher Straße,13,,4105.0,01 - Vorderhaus,6 - Privateigentum,13 - Wohngebäude,135 - Mehrfamilien – Reihenhaus,9 - mit altersger. Wohnungen,5.0,9.0,1.0,Ja,1870.0,Nein,2013-03-12,Ja,Ja,2 - Zentralheizung,Nein,Nein,Nein,Nein,2013.0,Nein,Eutritzscher Straße,13.0,,DESN_{F451ADBF-80CD-4724-A7E6-27F31C6B2974}
37208,0 - Mitte,06 - Zentrum-Nord,Eutritzscher Straße,15,,4105.0,01 - Vorderhaus,6 - Privateigentum,14 - Öffentliche Nutzung,142 - Bürohaus,,6.0,0.0,5.0,Ja,1993.0,Nein,2013-03-12,k.A.,Nein,1 - Fernheizung,Nein,Nein,Nein,Nein,,Nein,Eutritzscher Straße,15.0,,DESN_001AVJX
37209,0 - Mitte,06 - Zentrum-Nord,Eutritzscher Straße,15,,4105.0,01 - Vorderhaus,6 - Privateigentum,14 - Öffentliche Nutzung,142 - Bürohaus,,6.0,0.0,5.0,Ja,1993.0,Nein,2013-03-12,k.A.,Nein,1 - Fernheizung,Nein,Nein,Nein,Nein,,Nein,Eutritzscher Straße,15.0,,DESN_000617Y
37213,0 - Mitte,06 - Zentrum-Nord,Eutritzscher Straße,17,,4105.0,01 - Vorderhaus,1 - Kommunal,14 - Öffentliche Nutzung,,,5.0,0.0,0.0,Nein,1900.0,Nein,2013-03-12,k.A.,Nein,2 - Zentralheizung,Nein,Nein,Nein,Nein,1996.0,Nein,Eutritzscher Straße,17.0,,DESN_0005XO1
37214,0 - Mitte,06 - Zentrum-Nord,Eutritzscher Straße,17,,4105.0,01 - Vorderhaus,1 - Kommunal,14 - Öffentliche Nutzung,,,5.0,0.0,0.0,Nein,1900.0,Nein,2013-03-12,k.A.,Nein,2 - Zentralheizung,Nein,Nein,Nein,Nein,1996.0,Nein,Eutritzscher Straße,17.0,,DESN_0005XOP
37215,0 - Mitte,06 - Zentrum-Nord,Eutritzscher Straße,17,,4105.0,01 - Vorderhaus,1 - Kommunal,14 - Öffentliche Nutzung,,,5.0,0.0,0.0,Nein,1900.0,Nein,2013-03-12,k.A.,Nein,2 - Zentralheizung,Nein,Nein,Nein,Nein,1996.0,Nein,Eutritzscher Straße,17.0,,DESN_0005XOO
46145,0 - Mitte,06 - Zentrum-Nord,Gerberstraße,16,,4105.0,01 - Vorderhaus,1 - Kommunal,13 - Wohngebäude,135 - Mehrfamilien – Reihenhaus,0 - mit Wohnnutzung,10.0,132.0,0.0,Ja,1972.0,Nein,2013-03-08,k.A.,Nein,1 - Fernheizung,Ja,Nein,Nein,Nein,1995.0,Nein,Gerberstraße,16.0,,DESN_000616C
47481,0 - Mitte,06 - Zentrum-Nord,Gneisenaustraße,1,,4105.0,01 - Vorderhaus,6 - Privateigentum,13 - Wohngebäude,135 - Mehrfamilien – Reihenhaus,,5.0,9.0,0.0,Nein,1900.0,Nein,2013-03-08,Ja,Nein,2 - Zentralheizung,Nein,Nein,Nein,Nein,2008.0,Nein,Gneisenaustraße,1.0,,DESN_0005XLU
47482,0 - Mitte,06 - Zentrum-Nord,Gneisenaustraße,2,,4105.0,01 - Vorderhaus,6 - Privateigentum,13 - Wohngebäude,135 - Mehrfamilien – Reihenhaus,,5.0,12.0,0.0,Nein,1870.0,Nein,2013-03-08,Ja,Nein,2 - Zentralheizung,Nein,Nein,Nein,Nein,1997.0,Nein,Gneisenaustraße,2.0,,DESN_0005XLQ
47483,0 - Mitte,06 - Zentrum-Nord,Gneisenaustraße,2,,4105.0,01 - Vorderhaus,6 - Privateigentum,13 - Wohngebäude,135 - Mehrfamilien – Reihenhaus,,5.0,12.0,0.0,Nein,1870.0,Nein,2013-03-08,Ja,Nein,2 - Zentralheizung,Nein,Nein,Nein,Nein,1997.0,Nein,Gneisenaustraße,2.0,,DESN_0005XLP
47484,0 - Mitte,06 - Zentrum-Nord,Gneisenaustraße,2,,4105.0,83 - Hinterhaus,6 - Privateigentum,13 - Wohngebäude,134 - Mehrfamilien – Einzelhaus,0 - mit Wohnnutzung,2.0,1.0,0.0,Nein,1870.0,Nein,2013-03-08,k.A.,Nein,2 - Zentralheizung,Nein,Nein,Nein,Nein,1998.0,Nein,Gneisenaustraße,2.0,,DESN_0005XLQ
47485,0 - Mitte,06 - Zentrum-Nord,Gneisenaustraße,2,,4105.0,83 - Hinterhaus,6 - Privateigentum,13 - Wohngebäude,134 - Mehrfamilien – Einzelhaus,0 - mit Wohnnutzung,2.0,1.0,0.0,Nein,1870.0,Nein,2013-03-08,k.A.,Nein,2 - Zentralheizung,Nein,Nein,Nein,Nein,1998.0,Nein,Gneisenaustraße,2.0,,DESN_0005XLP
47486,0 - Mitte,06 - Zentrum-Nord,Gneisenaustraße,3,,4105.0,01 - Vorderhaus,6 - Privateigentum,13 - Wohngebäude,135 - Mehrfamilien – Reihenhaus,,4.0,11.0,0.0,Nein,1870.0,Nein,2013-03-08,Ja,Nein,2 - Zentralheizung,Nein,Nein,Nein,Nein,1997.0,Nein,Gneisenaustraße,3.0,,DESN_0005XML
47488,0 - Mitte,06 - Zentrum-Nord,Gneisenaustraße,5,,4105.0,01 - Vorderhaus,6 - Privateigentum,13 - Wohngebäude,135 - Mehrfamilien – Reihenhaus,,5.0,9.0,0.0,Nein,1870.0,Nein,2013-03-08,Ja,Nein,2 - Zentralheizung,Nein,Nein,Nein,Nein,1998.0,Nein,Gneisenaustraße,5.0,,DESN_0005XMY
47489,0 - Mitte,06 - Zentrum-Nord,Gneisenaustraße,6,,4105.0,01 - Vorderhaus,6 - Privateigentum,13 - Wohngebäude,135 - Mehrfamilien – Reihenhaus,,5.0,9.0,0.0,Nein,1870.0,Nein,2004-05-03,Ja,Nein,2 - Zentralheizung,Nein,Nein,Nein,Ja,,Nein,Gneisenaustraße,6.0,,DESN_0005XMM
47491,0 - Mitte,06 - Zentrum-Nord,Gneisenaustraße,6,,4105.0,83 - Hinterhaus,6 - Privateigentum,13 - Wohngebäude,134 - Mehrfamilien – Einzelhaus,0 - mit Wohnnutzung,5.0,1.0,0.0,Nein,1870.0,Nein,2003-04-23,k.A.,Nein,3 - Ofenheizung,Nein,Nein,Nein,Nein,,Nein,Gneisenaustraße,6.0,,DESN_0005XMM
47495,0 - Mitte,06 - Zentrum-Nord,Gneisenaustraße,8,,4105.0,01 - Vorderhaus,6 - Privateigentum,13 - Wohngebäude,135 - Mehrfamilien – Reihenhaus,,5.0,8.0,0.0,Nein,1870.0,Nein,2013-03-08,Ja,Nein,2 - Zentralheizung,Nein,Nein,Nein,Nein,1999.0,Nein,Gneisenaustraße,8.0,,DESN_0005XMZ
47497,0 - Mitte,06 - Zentrum-Nord,Gneisenaustraße,12,,4105.0,01 - Vorderhaus,6 - Privateigentum,14 - Öffentliche Nutzung,143 - Sonstiges,,1.0,0.0,0.0,Nein,1960.0,Nein,2013-02-08,k.A.,Nein,2 - Zentralheizung,Nein,Nein,Nein,Nein,,Nein,Gneisenaustraße,12.0,,DESN_{6D8C374E-5680-4FF9-8DCC-889765EBE3AC}
47997,0 - Mitte,06 - Zentrum-Nord,Gohliser Straße,2,,4105.0,01 - Vorderhaus,6 - Privateigentum,13 - Wohngebäude,135 - Mehrfamilien – Reihenhaus,,4.0,13.0,9.0,Nein,1900.0,Nein,2013-03-12,Ja,Nein,1 - Fernheizung,Nein,Nein,Nein,Nein,1997.0,Nein,Gohliser Straße,2.0,,DESN_00044B4
48000,0 - Mitte,06 - Zentrum-Nord,Gohliser Straße,2,,4105.0,83 - Hinterhaus,6 - Privateigentum,13 - Wohngebäude,131 - Einfamilien – Einzelhaus,,2.0,1.0,0.0,Nein,1900.0,Nein,2012-12-11,Ja,Nein,2 - Zentralheizung,Nein,Nein,Nein,Nein,2006.0,Nein,Gohliser Straße,2.0,,DESN_00044B4
48003,0 - Mitte,06 - Zentrum-Nord,Gohliser Straße,3,,4105.0,01 - Vorderhaus,6 - Privateigentum,13 - Wohngebäude,135 - Mehrfamilien – Reihenhaus,,5.0,13.0,5.0,Ja,1900.0,Nein,2013-03-12,Ja,Nein,2 - Zentralheizung,Nein,Nein,Nein,Nein,1996.0,Nein,Gohliser Straße,3.0,,DESN_00044B2
62220,0 - Mitte,06 - Zentrum-Nord,Humboldtstraße,13,,4105.0,01 - Vorderhaus,4 - Sonstige,13 - Wohngebäude,135 - Mehrfamilien – Reihenhaus,0 - mit Wohnnutzung,5.0,12.0,0.0,Nein,1870.0,Nein,2013-03-07,k.A.,Nein,2 - Zentralheizung,Nein,Nein,Nein,Nein,2005.0,Nein,Humboldtstraße,13.0,,DESN_0005VP8
62231,0 - Mitte,06 - Zentrum-Nord,Humboldtstraße,17,,4105.0,01 - Vorderhaus,6 - Privateigentum,13 - Wohngebäude,135 - Mehrfamilien – Reihenhaus,,5.0,9.0,2.0,Ja,1870.0,Nein,2013-03-07,Ja,Nein,2 - Zentralheizung,Nein,Nein,Nein,Nein,1999.0,Nein,Humboldtstraße,17.0,,DESN_0006160
62232,0 - Mitte,06 - Zentrum-Nord,Humboldtstraße,17,,4105.0,01 - Vorderhaus,6 - Privateigentum,13 - Wohngebäude,135 - Mehrfamilien – Reihenhaus,,5.0,9.0,2.0,Ja,1870.0,Nein,2013-03-07,Ja,Nein,2 - Zentralheizung,Nein,Nein,Nein,Nein,1999.0,Nein,Humboldtstraße,17.0,,DESN_0006161
62233,0 - Mitte,06 - Zentrum-Nord,Humboldtstraße,17,,4105.0,01 - Vorderhaus,6 - Privateigentum,13 - Wohngebäude,135 - Mehrfamilien – Reihenhaus,,5.0,9.0,2.0,Ja,1870.0,Nein,2013-03-07,Ja,Nein,2 - Zentralheizung,Nein,Nein,Nein,Nein,1999.0,Nein,Humboldtstraße,17.0,,DESN_0005VQ0
62234,0 - Mitte,06 - Zentrum-Nord,Humboldtstraße,17,,4105.0,83 - Hinterhaus,6 - Privateigentum,13 - Wohngebäude,135 - Mehrfamilien – Reihenhaus,0 - mit Wohnnutzung,3.0,3.0,0.0,Nein,1870.0,Nein,2013-03-07,k.A.,Nein,2 - Zentralheizung,Nein,Nein,Nein,Nein,1999.0,Nein,Humboldtstraße,17.0,,DESN_0006160
62235,0 - Mitte,06 - Zentrum-Nord,Humboldtstraße,17,,4105.0,83 - Hinterhaus,6 - Privateigentum,13 - Wohngebäude,135 - Mehrfamilien – Reihenhaus,0 - mit Wohnnutzung,3.0,3.0,0.0,Nein,1870.0,Nein,2013-03-07,k.A.,Nein,2 - Zentralheizung,Nein,Nein,Nein,Nein,1999.0,Nein,Humboldtstraße,17.0,,DESN_0006161
62236,0 - Mitte,06 - Zentrum-Nord,Humboldtstraße,17,,4105.0,83 - Hinterhaus,6 - Privateigentum,13 - Wohngebäude,135 - Mehrfamilien – Reihenhaus,0 - mit Wohnnutzung,3.0,3.0,0.0,Nein,1870.0,Nein,2013-03-07,k.A.,Nein,2 - Zentralheizung,Nein,Nein,Nein,Nein,1999.0,Nein,Humboldtstraße,17.0,,DESN_0005VQ0
67861,0 - Mitte,06 - Zentrum-Nord,Keilstraße,4,,4105.0,01 - Vorderhaus,6 - Privateigentum,13 - Wohngebäude,134 - Mehrfamilien – Einzelhaus,0 - mit Wohnnutzung,4.0,7.0,0.0,Nein,1870.0,Nein,2013-03-07,Ja,Nein,2 - Zentralheizung,Nein,Nein,Nein,Nein,1994.0,Nein,Keilstraße,4.0,,DESN_0005VQT
73796,0 - Mitte,06 - Zentrum-Nord,Kurt-Schumacher-Straße,3,,4105.0,01 - Vorderhaus,6 - Privateigentum,14 - Öffentliche Nutzung,143 - Sonstiges,,7.0,0.0,0.0,Ja,1918.0,Nein,2010-04-20,Ja,Nein,2 - Zentralheizung,Nein,Nein,Nein,Nein,1995.0,Nein,Kurt-Schumacher-Straße,3.0,,DESN_0005VS0
73812,0 - Mitte,06 - Zentrum-Nord,Kurt-Schumacher-Straße,19,,4105.0,01 - Vorderhaus,6 - Privateigentum,13 - Wohngebäude,135 - Mehrfamilien – Reihenhaus,,5.0,4.0,0.0,Nein,1870.0,Nein,2010-04-20,k.A.,Nein,2 - Zentralheizung,Nein,Nein,Nein,Nein,1998.0,Nein,Kurt-Schumacher-Straße,19.0,,DESN_0008LWX
73814,0 - Mitte,06 - Zentrum-Nord,Kurt-Schumacher-Straße,21,,4105.0,01 - Vorderhaus,6 - Privateigentum,13 - Wohngebäude,135 - Mehrfamilien – Reihenhaus,,5.0,12.0,1.0,Nein,1870.0,Nein,2010-04-20,Ja,Nein,2 - Zentralheizung,Nein,Nein,Nein,Nein,1997.0,Nein,Kurt-Schumacher-Straße,21.0,,DESN_0005VRV
73816,0 - Mitte,06 - Zentrum-Nord,Kurt-Schumacher-Straße,23,,4105.0,01 - Vorderhaus,4 - Sonstige,14 - Öffentliche Nutzung,143 - Sonstiges,,5.0,0.0,0.0,Ja,1900.0,Nein,2010-04-20,Ja,Nein,2 - Zentralheizung,Nein,Nein,Nein,Nein,1998.0,Nein,Kurt-Schumacher-Straße,23.0,,DESN_0005VRS
73818,0 - Mitte,06 - Zentrum-Nord,Kurt-Schumacher-Straße,23,,4105.0,01 - Vorderhaus,4 - Sonstige,14 - Öffentliche Nutzung,143 - Sonstiges,,5.0,0.0,0.0,Ja,1900.0,Nein,2010-04-20,Ja,Nein,2 - Zentralheizung,Nein,Nein,Nein,Nein,1998.0,Nein,Kurt-Schumacher-Straße,23.0,,DESN_0005VRU
73819,0 - Mitte,06 - Zentrum-Nord,Kurt-Schumacher-Straße,23,,4105.0,01 - Vorderhaus,4 - Sonstige,14 - Öffentliche Nutzung,143 - Sonstiges,,5.0,0.0,0.0,Ja,1900.0,Nein,2010-04-20,Ja,Nein,2 - Zentralheizung,Nein,Nein,Nein,Nein,1998.0,Nein,Kurt-Schumacher-Straße,23.0,,DESN_0005VRP
73821,0 - Mitte,06 - Zentrum-Nord,Kurt-Schumacher-Straße,31,,4105.0,01 - Vorderhaus,6 - Privateigentum,13 - Wohngebäude,135 - Mehrfamilien – Reihenhaus,,5.0,10.0,2.0,Nein,1870.0,Nein,2010-04-20,Ja,Nein,2 - Zentralheizung,Nein,Nein,Nein,Nein,2005.0,Nein,Kurt-Schumacher-Straße,31.0,,DESN_0005VRJ
73824,0 - Mitte,06 - Zentrum-Nord,Kurt-Schumacher-Straße,33,,4105.0,01 - Vorderhaus,6 - Privateigentum,13 - Wohngebäude,135 - Mehrfamilien – Reihenhaus,,5.0,28.0,0.0,Nein,1962.0,Nein,2010-04-20,k.A.,Nein,1 - Fernheizung,Nein,Nein,Nein,Nein,1998.0,Nein,Kurt-Schumacher-Straße,33.0,,DESN_0005VRG
73825,0 - Mitte,06 - Zentrum-Nord,Kurt-Schumacher-Straße,39,,4105.0,01 - Vorderhaus,6 - Privateigentum,13 - Wohngebäude,135 - Mehrfamilien – Reihenhaus,,5.0,8.0,0.0,Nein,1919.0,Nein,2010-04-20,k.A.,Nein,2 - Zentralheizung,Nein,Nein,Nein,Ja,,Nein,Kurt-Schumacher-Straße,39.0,,DESN_0005VRE
73826,0 - Mitte,06 - Zentrum-Nord,Kurt-Schumacher-Straße,41,,4105.0,01 - Vorderhaus,6 - Privateigentum,14 - Öffentliche Nutzung,143 - Sonstiges,,4.0,0.0,0.0,Ja,1900.0,Nein,2010-04-20,Ja,Nein,2 - Zentralheizung,Nein,Nein,Nein,Nein,2001.0,Nein,Kurt-Schumacher-Straße,41.0,,DESN_0005VRD
73827,0 - Mitte,06 - Zentrum-Nord,Kurt-Schumacher-Straße,43,,4105.0,01 - Vorderhaus,6 - Privateigentum,13 - Wohngebäude,135 - Mehrfamilien – Reihenhaus,,5.0,14.0,2.0,Nein,1870.0,Nein,2010-04-20,Ja,Nein,2 - Zentralheizung,Nein,Nein,Nein,Nein,2007.0,Nein,Kurt-Schumacher-Straße,43.0,,DESN_0005VRB
73830,0 - Mitte,06 - Zentrum-Nord,Kurt-Schumacher-Straße,49,,4105.0,01 - Vorderhaus,6 - Privateigentum,13 - Wohngebäude,135 - Mehrfamilien – Reihenhaus,,6.0,14.0,3.0,Ja,1870.0,Nein,2010-04-20,Ja,Nein,1 - Fernheizung,Nein,Nein,Nein,Nein,1996.0,Nein,Kurt-Schumacher-Straße,49.0,,DESN_{4C5397B9-08CD-4DDD-93F3-F0CE08FCB5E0}
73831,0 - Mitte,06 - Zentrum-Nord,Kurt-Schumacher-Straße,49,,4105.0,01 - Vorderhaus,6 - Privateigentum,13 - Wohngebäude,135 - Mehrfamilien – Reihenhaus,,6.0,14.0,3.0,Ja,1870.0,Nein,2010-04-20,Ja,Nein,1 - Fernheizung,Nein,Nein,Nein,Nein,1996.0,Nein,Kurt-Schumacher-Straße,49.0,,DESN_0005XPE
73832,0 - Mitte,06 - Zentrum-Nord,Kurt-Schumacher-Straße,49,,4105.0,01 - Vorderhaus,6 - Privateigentum,13 - Wohngebäude,135 - Mehrfamilien – Reihenhaus,,6.0,14.0,3.0,Ja,1870.0,Nein,2010-04-20,Ja,Nein,1 - Fernheizung,Nein,Nein,Nein,Nein,1996.0,Nein,Kurt-Schumacher-Straße,49.0,,DESN_001AMVP
73833,0 - Mitte,06 - Zentrum-Nord,Kurt-Schumacher-Straße,51,,4105.0,01 - Vorderhaus,6 - Privateigentum,13 - Wohngebäude,135 - Mehrfamilien – Reihenhaus,,4.0,0.0,0.0,Nein,1900.0,Nein,2010-04-20,k.A.,Nein,2 - Zentralheizung,Nein,Nein,Nein,Nein,2007.0,Nein,Kurt-Schumacher-Straße,51.0,,DESN_0005XPJ
79975,0 - Mitte,06 - Zentrum-Nord,Löhrstraße,1,,4105.0,01 - Vorderhaus,4 - Sonstige,14 - Öffentliche Nutzung,143 - Sonstiges,,5.0,0.0,0.0,Nein,1970.0,Nein,2013-03-07,k.A.,Nein,,Nein,Nein,Nein,Nein,2009.0,Nein,Löhrstraße,1.0,,DESN_0005VQE
79977,0 - Mitte,06 - Zentrum-Nord,Löhrstraße,3,,4105.0,01 - Vorderhaus,4 - Sonstige,14 - Öffentliche Nutzung,143 - Sonstiges,,4.0,1.0,0.0,Nein,1870.0,Nein,2013-03-07,Ja,Nein,2 - Zentralheizung,Nein,Nein,Nein,Nein,2010.0,Nein,Löhrstraße,3.0,,DESN_000TWRQ
79984,0 - Mitte,06 - Zentrum-Nord,Löhrstraße,7,,4105.0,01 - Vorderhaus,4 - Sonstige,14 - Öffentliche Nutzung,143 - Sonstiges,,5.0,2.0,0.0,Nein,1870.0,Nein,2013-03-07,Ja,Nein,1 - Fernheizung,Nein,Nein,Nein,Nein,2009.0,Nein,Löhrstraße,7.0,,DESN_0005VQJ
79985,0 - Mitte,06 - Zentrum-Nord,Löhrstraße,8,,4105.0,01 - Vorderhaus,6 - Privateigentum,13 - Wohngebäude,135 - Mehrfamilien – Reihenhaus,,5.0,10.0,1.0,Nein,1870.0,Nein,2013-03-07,Ja,Nein,2 - Zentralheizung,Nein,Nein,Nein,Nein,2014.0,Nein,Löhrstraße,8.0,,DESN_000K60D
79990,0 - Mitte,06 - Zentrum-Nord,Löhrstraße,10,,4105.0,01 - Vorderhaus,4 - Sonstige,13 - Wohngebäude,134 - Mehrfamilien – Einzelhaus,0 - mit Wohnnutzung,5.0,2.0,0.0,Nein,1900.0,Nein,2013-03-07,Ja,Nein,1 - Fernheizung,Nein,Nein,Nein,Nein,2000.0,Nein,Löhrstraße,10.0,,DESN_0005VQP
79995,0 - Mitte,06 - Zentrum-Nord,Löhrstraße,12,,4105.0,01 - Vorderhaus,6 - Privateigentum,13 - Wohngebäude,134 - Mehrfamilien – Einzelhaus,0 - mit Wohnnutzung,5.0,7.0,0.0,Ja,1900.0,Nein,2013-03-07,Ja,Ja,2 - Zentralheizung,Nein,Nein,Nein,Nein,2000.0,Nein,Löhrstraße,12.0,,DESN_0005VQO
79997,0 - Mitte,06 - Zentrum-Nord,Löhrstraße,12,,4105.0,83 - Hinterhaus,6 - Privateigentum,13 - Wohngebäude,134 - Mehrfamilien – Einzelhaus,,4.0,0.0,0.0,Ja,1900.0,Nein,2013-03-07,Ja,Nein,2 - Zentralheizung,Nein,Nein,Nein,Nein,2000.0,Nein,Löhrstraße,12.0,,DESN_0005VQO
80000,0 - Mitte,06 - Zentrum-Nord,Löhrstraße,13,,4105.0,01 - Vorderhaus,6 - Privateigentum,13 - Wohngebäude,135 - Mehrfamilien – Reihenhaus,,5.0,18.0,6.0,Ja,1870.0,Nein,2013-03-07,Ja,Nein,1 - Fernheizung,Nein,Nein,Nein,Nein,2001.0,Nein,Löhrstraße,13.0,,DESN_0005VQG
80003,0 - Mitte,06 - Zentrum-Nord,Löhrstraße,13,,4105.0,83 - Hinterhaus,6 - Privateigentum,13 - Wohngebäude,135 - Mehrfamilien – Reihenhaus,,5.0,10.0,0.0,Nein,1870.0,Nein,2013-03-07,k.A.,Nein,2 - Zentralheizung,Nein,Nein,Nein,Nein,2000.0,Nein,Löhrstraße,13.0,,DESN_0005VQG
80006,0 - Mitte,06 - Zentrum-Nord,Löhrstraße,15,,4105.0,01 - Vorderhaus,6 - Privateigentum,13 - Wohngebäude,135 - Mehrfamilien – Reihenhaus,,5.0,16.0,5.0,Ja,1870.0,Nein,2013-03-07,Ja,Nein,1 - Fernheizung,Nein,Nein,Nein,Nein,2000.0,Nein,Löhrstraße,15.0,,DESN_0005VQ9
80009,0 - Mitte,06 - Zentrum-Nord,Löhrstraße,18,,4105.0,01 - Vorderhaus,6 - Privateigentum,14 - Öffentliche Nutzung,142 - Bürohaus,,8.0,0.0,0.0,Ja,1996.0,Nein,2013-03-07,k.A.,Nein,2 - Zentralheizung,Nein,Nein,Nein,Nein,,Nein,Löhrstraße,18.0,,DESN_0005VQS
80011,0 - Mitte,06 - Zentrum-Nord,Löhrstraße,18,,4105.0,01 - Vorderhaus,6 - Privateigentum,14 - Öffentliche Nutzung,142 - Bürohaus,,8.0,0.0,0.0,Ja,1996.0,Nein,2013-03-07,k.A.,Nein,2 - Zentralheizung,Nein,Nein,Nein,Nein,,Nein,Löhrstraße,18.0,,DESN_0005VQV
80013,0 - Mitte,06 - Zentrum-Nord,Löhrstraße,19,,4105.0,01 - Vorderhaus,6 - Privateigentum,13 - Wohngebäude,135 - Mehrfamilien – Reihenhaus,0 - mit Wohnnutzung,5.0,14.0,0.0,Ja,1870.0,Nein,2013-03-07,Nein,Nein,1 - Fernheizung,Nein,Nein,Nein,Nein,1998.0,Nein,Löhrstraße,19.0,,DESN_0005VQ8
80015,0 - Mitte,06 - Zentrum-Nord,Löhrstraße,21,,4105.0,01 - Vorderhaus,6 - Privateigentum,13 - Wohngebäude,135 - Mehrfamilien – Reihenhaus,,7.0,13.0,1.0,Ja,1997.0,Nein,2013-03-07,k.A.,Nein,1 - Fernheizung,Nein,Nein,Nein,Nein,,Nein,Löhrstraße,21.0,,DESN_0007GF0
80725,0 - Mitte,06 - Zentrum-Nord,Lumumbastraße,1,,4105.0,01 - Vorderhaus,6 - Privateigentum,13 - Wohngebäude,134 - Mehrfamilien – Einzelhaus,,4.0,10.0,,Nein,2014.0,Nein,,k.A.,Nein,2 - Zentralheizung,Nein,Nein,Nein,Nein,,Nein,Lumumbastraße,1.0,,DESN_000TLQC
80726,0 - Mitte,06 - Zentrum-Nord,Lumumbastraße,1,,4105.0,01 - Vorderhaus,6 - Privateigentum,13 - Wohngebäude,134 - Mehrfamilien – Einzelhaus,,4.0,10.0,,Nein,2014.0,Nein,,k.A.,Nein,2 - Zentralheizung,Nein,Nein,Nein,Nein,,Nein,Lumumbastraße,1.0,,DESN_{E6822F77-8B7E-48AD-9790-F629D4A4266F}
80728,0 - Mitte,06 - Zentrum-Nord,Lumumbastraße,4,,4105.0,01 - Vorderhaus,4 - Sonstige,14 - Öffentliche Nutzung,143 - Sonstiges,,1.0,0.0,0.0,Nein,1900.0,Nein,2006-03-03,k.A.,Nein,,Nein,Nein,Nein,Nein,,Nein,Lumumbastraße,4.0,,DESN_00066PP
80731,0 - Mitte,06 - Zentrum-Nord,Lumumbastraße,5,,4105.0,01 - Vorderhaus,6 - Privateigentum,13 - Wohngebäude,134 - Mehrfamilien – Einzelhaus,,6.0,10.0,0.0,Nein,2002.0,Nein,2003-09-17,Nein,Nein,2 - Zentralheizung,Nein,Nein,Nein,Nein,,Nein,Lumumbastraße,5.0,,DESN_000RDNG
80735,0 - Mitte,06 - Zentrum-Nord,Lumumbastraße,9,,4105.0,01 - Vorderhaus,6 - Privateigentum,13 - Wohngebäude,134 - Mehrfamilien – Einzelhaus,,5.0,12.0,2.0,Ja,1900.0,Nein,2004-04-01,Ja,Nein,2 - Zentralheizung,Nein,Nein,Nein,Nein,1997.0,Nein,Lumumbastraße,9.0,,DESN_0005TKS
91283,0 - Mitte,06 - Zentrum-Nord,Nordplatz,1,,4105.0,01 - Vorderhaus,6 - Privateigentum,13 - Wohngebäude,135 - Mehrfamilien – Reihenhaus,,5.0,10.0,4.0,Nein,1870.0,Nein,2013-03-12,Ja,Nein,2 - Zentralheizung,Nein,Nein,Nein,Nein,2001.0,Nein,Nordplatz,1.0,,DESN_0005XM4
91284,0 - Mitte,06 - Zentrum-Nord,Nordplatz,2,,4105.0,01 - Vorderhaus,6 - Privateigentum,13 - Wohngebäude,135 - Mehrfamilien – Reihenhaus,,6.0,54.0,0.0,Ja,1900.0,Nein,2013-03-12,Ja,Nein,2 - Zentralheizung,Nein,Nein,Nein,Nein,1995.0,Nein,Nordplatz,2.0,,DESN_0005XLS
91286,0 - Mitte,06 - Zentrum-Nord,Nordplatz,4,,4105.0,01 - Vorderhaus,4 - Sonstige,13 - Wohngebäude,135 - Mehrfamilien – Reihenhaus,,5.0,12.0,0.0,Nein,1900.0,Nein,2013-03-12,Ja,Nein,2 - Zentralheizung,Nein,Nein,Nein,Nein,1995.0,Nein,Nordplatz,4.0,,DESN_0005XLI
91288,0 - Mitte,06 - Zentrum-Nord,Nordplatz,6,,4105.0,01 - Vorderhaus,6 - Privateigentum,13 - Wohngebäude,135 - Mehrfamilien – Reihenhaus,,5.0,10.0,4.0,Ja,1900.0,Nein,2013-03-12,Ja,Nein,1 - Fernheizung,Nein,Ja,Nein,Nein,1998.0,Nein,Nordplatz,6.0,,DESN_0005XLB
91289,0 - Mitte,06 - Zentrum-Nord,Nordplatz,6,,4105.0,01 - Vorderhaus,6 - Privateigentum,13 - Wohngebäude,135 - Mehrfamilien – Reihenhaus,,5.0,10.0,4.0,Ja,1900.0,Nein,2013-03-12,Ja,Nein,1 - Fernheizung,Nein,Ja,Nein,Nein,1998.0,Nein,Nordplatz,6.0,,DESN_0005XLC
91290,0 - Mitte,06 - Zentrum-Nord,Nordplatz,6,,4105.0,01 - Vorderhaus,6 - Privateigentum,13 - Wohngebäude,135 - Mehrfamilien – Reihenhaus,,5.0,10.0,4.0,Ja,1900.0,Nein,2013-03-12,Ja,Nein,1 - Fernheizung,Nein,Ja,Nein,Nein,1998.0,Nein,Nordplatz,6.0,,DESN_001AP7X
91291,0 - Mitte,06 - Zentrum-Nord,Nordplatz,7,,4105.0,01 - Vorderhaus,1 - Kommunal,13 - Wohngebäude,135 - Mehrfamilien – Reihenhaus,,8.0,32.0,2.0,Ja,1997.0,Nein,2013-03-12,k.A.,Nein,1 - Fernheizung,Nein,Nein,Nein,Nein,,Nein,Nordplatz,7.0,,DESN_001AP7Y
91292,0 - Mitte,06 - Zentrum-Nord,Nordplatz,8,,4105.0,01 - Vorderhaus,6 - Privateigentum,13 - Wohngebäude,135 - Mehrfamilien – Reihenhaus,,5.0,12.0,2.0,Nein,1900.0,Nein,2013-03-12,Ja,Nein,2 - Zentralheizung,Nein,Nein,Nein,Nein,1997.0,Nein,Nordplatz,8.0,,DESN_001AP7W
91293,0 - Mitte,06 - Zentrum-Nord,Nordplatz,9,,4105.0,01 - Vorderhaus,6 - Privateigentum,13 - Wohngebäude,135 - Mehrfamilien – Reihenhaus,,4.0,6.0,3.0,Nein,1900.0,Nein,2013-03-12,Ja,Nein,1 - Fernheizung,Nein,Nein,Nein,Nein,1995.0,Nein,Nordplatz,9.0,,DESN_00044B5
91294,0 - Mitte,06 - Zentrum-Nord,Nordplatz,10,,4105.0,01 - Vorderhaus,6 - Privateigentum,13 - Wohngebäude,135 - Mehrfamilien – Reihenhaus,,4.0,8.0,0.0,Nein,1870.0,Nein,2013-03-12,Ja,Nein,2 - Zentralheizung,Nein,Nein,Nein,Nein,2000.0,Nein,Nordplatz,10.0,,DESN_00044B6
91296,0 - Mitte,06 - Zentrum-Nord,Nordplatz,11,,4105.0,01 - Vorderhaus,4 - Sonstige,14 - Öffentliche Nutzung,,,3.0,0.0,0.0,Nein,1870.0,Nein,2013-03-12,Ja,Nein,2 - Zentralheizung,Nein,Nein,Nein,Nein,2007.0,Nein,Nordplatz,11.0,,DESN_0005XNE
91297,0 - Mitte,06 - Zentrum-Nord,Nordplatz,11,,4105.0,01 - Vorderhaus,4 - Sonstige,14 - Öffentliche Nutzung,,,3.0,0.0,0.0,Nein,1870.0,Nein,2013-03-12,Ja,Nein,2 - Zentralheizung,Nein,Nein,Nein,Nein,2007.0,Nein,Nordplatz,11.0,,DESN_000617V
91298,0 - Mitte,06 - Zentrum-Nord,Nordplatz,13,,4105.0,01 - Vorderhaus,1 - Kommunal,14 - Öffentliche Nutzung,,0 - mit Wohnnutzung,4.0,1.0,0.0,Nein,1900.0,Nein,2013-03-12,Ja,Nein,1 - Fernheizung,Nein,Nein,Nein,Nein,1997.0,Nein,Nordplatz,13.0,,DESN_0005XMI
91300,0 - Mitte,06 - Zentrum-Nord,Nordstraße,1,,4105.0,01 - Vorderhaus,4 - Sonstige,13 - Wohngebäude,135 - Mehrfamilien – Reihenhaus,,5.0,2.0,0.0,Ja,1946.0,Nein,2013-03-07,Ja,Nein,1 - Fernheizung,Nein,Nein,Nein,Nein,2000.0,Nein,Nordstraße,1.0,,DESN_0005VR2
91312,0 - Mitte,06 - Zentrum-Nord,Nordstraße,32,,4105.0,01 - Vorderhaus,3 - Genossenschaften,13 - Wohngebäude,135 - Mehrfamilien – Reihenhaus,0 - mit Wohnnutzung,5.0,10.0,0.0,Nein,1960.0,Nein,2013-03-07,k.A.,Nein,1 - Fernheizung,Nein,Nein,Nein,Nein,1999.0,Nein,Nordstraße,32.0,,DESN_0005VR3
91313,0 - Mitte,06 - Zentrum-Nord,Nordstraße,34,,4105.0,01 - Vorderhaus,3 - Genossenschaften,13 - Wohngebäude,135 - Mehrfamilien – Reihenhaus,0 - mit Wohnnutzung,5.0,11.0,0.0,Nein,1960.0,Nein,2013-03-07,k.A.,Nein,1 - Fernheizung,Nein,Nein,Nein,Nein,1999.0,Nein,Nordstraße,34.0,,DESN_0005VOS
91315,0 - Mitte,06 - Zentrum-Nord,Nordstraße,36,,4105.0,01 - Vorderhaus,3 - Genossenschaften,13 - Wohngebäude,135 - Mehrfamilien – Reihenhaus,0 - mit Wohnnutzung,5.0,10.0,0.0,Nein,1960.0,Nein,2013-03-07,k.A.,Nein,1 - Fernheizung,Nein,Nein,Nein,Nein,1999.0,Nein,Nordstraße,36.0,,DESN_0005XK1
91317,0 - Mitte,06 - Zentrum-Nord,Nordstraße,38,,4105.0,01 - Vorderhaus,3 - Genossenschaften,13 - Wohngebäude,135 - Mehrfamilien – Reihenhaus,0 - mit Wohnnutzung,5.0,10.0,0.0,Nein,1960.0,Nein,2013-03-07,k.A.,Nein,1 - Fernheizung,Nein,Nein,Nein,Nein,1999.0,Nein,Nordstraße,38.0,,DESN_0005XMW
91319,0 - Mitte,06 - Zentrum-Nord,Nordstraße,40,,4105.0,01 - Vorderhaus,6 - Privateigentum,13 - Wohngebäude,135 - Mehrfamilien – Reihenhaus,0 - mit Wohnnutzung,4.0,4.0,0.0,Nein,1900.0,Nein,2013-03-07,k.A.,Nein,2 - Zentralheizung,Nein,Nein,Nein,Nein,1999.0,Nein,Nordstraße,40.0,,DESN_0005XNW
91320,0 - Mitte,06 - Zentrum-Nord,Nordstraße,41,,4105.0,01 - Vorderhaus,4 - Sonstige,14 - Öffentliche Nutzung,143 - Sonstiges,,1.0,0.0,0.0,Nein,2012.0,Nein,2013-03-07,k.A.,Nein,,Nein,Nein,Nein,Nein,,Nein,Nordstraße,41.0,,DESN_000ZXDB
91321,0 - Mitte,06 - Zentrum-Nord,Nordstraße,42,,4105.0,01 - Vorderhaus,6 - Privateigentum,13 - Wohngebäude,135 - Mehrfamilien – Reihenhaus,,4.0,15.0,0.0,Nein,1870.0,Nein,2013-03-07,k.A.,Nein,3 - Ofenheizung,Nein,Nein,Nein,Nein,2010.0,Nein,Nordstraße,42.0,,DESN_0005XMG
91323,0 - Mitte,06 - Zentrum-Nord,Nordstraße,44,,4105.0,01 - Vorderhaus,6 - Privateigentum,13 - Wohngebäude,135 - Mehrfamilien – Reihenhaus,0 - mit Wohnnutzung,4.0,13.0,0.0,Ja,1870.0,Nein,2013-03-07,Ja,Nein,2 - Zentralheizung,Nein,Nein,Nein,Nein,1999.0,Nein,Nordstraße,44.0,,DESN_0005XMF
91326,0 - Mitte,06 - Zentrum-Nord,Nordstraße,49,,4105.0,01 - Vorderhaus,6 - Privateigentum,13 - Wohngebäude,135 - Mehrfamilien – Reihenhaus,,6.0,24.0,0.0,Nein,1990.0,Nein,2013-03-07,Ja,Nein,3 - Ofenheizung,Nein,Nein,Nein,Nein,,Nein,Nordstraße,49.0,,DESN_0005XM0
91327,0 - Mitte,06 - Zentrum-Nord,Nordstraße,50,,4105.0,01 - Vorderhaus,6 - Privateigentum,13 - Wohngebäude,135 - Mehrfamilien – Reihenhaus,0 - mit Wohnnutzung,5.0,16.0,2.0,Nein,1870.0,Nein,2013-03-07,k.A.,Nein,3 - Ofenheizung,Nein,Nein,Nein,Ja,,Nein,Nordstraße,50.0,,DESN_0005XME
91328,0 - Mitte,06 - Zentrum-Nord,Nordstraße,51,,4105.0,01 - Vorderhaus,6 - Privateigentum,13 - Wohngebäude,135 - Mehrfamilien – Reihenhaus,0 - mit Wohnnutzung,5.0,13.0,0.0,Nein,1870.0,Nein,2013-03-07,Ja,Nein,2 - Zentralheizung,Nein,Nein,Nein,Nein,1998.0,Nein,Nordstraße,51.0,,DESN_0005XLZ
91329,0 - Mitte,06 - Zentrum-Nord,Nordstraße,52,,4105.0,01 - Vorderhaus,6 - Privateigentum,13 - Wohngebäude,135 - Mehrfamilien – Reihenhaus,0 - mit Wohnnutzung,5.0,10.0,0.0,Nein,1870.0,Nein,2013-03-07,Ja,Nein,2 - Zentralheizung,Nein,Nein,Nein,Nein,1999.0,Nein,Nordstraße,52.0,,DESN_0005XMD
91330,0 - Mitte,06 - Zentrum-Nord,Nordstraße,53,,4105.0,01 - Vorderhaus,6 - Privateigentum,13 - Wohngebäude,135 - Mehrfamilien – Reihenhaus,,5.0,8.0,1.0,Nein,1870.0,Nein,2013-03-07,Ja,Nein,2 - Zentralheizung,Nein,Nein,Nein,Nein,1999.0,Nein,Nordstraße,53.0,,DESN_0005XLX
91332,0 - Mitte,06 - Zentrum-Nord,Nordstraße,55,,4105.0,01 - Vorderhaus,6 - Privateigentum,13 - Wohngebäude,135 - Mehrfamilien – Reihenhaus,,5.0,10.0,0.0,Nein,1870.0,Nein,2013-03-07,Ja,Nein,2 - Zentralheizung,Nein,Nein,Nein,Nein,2008.0,Nein,Nordstraße,55.0,,DESN_0005XLY
91334,0 - Mitte,06 - Zentrum-Nord,Nordstraße,57,,4105.0,01 - Vorderhaus,6 - Privateigentum,13 - Wohngebäude,135 - Mehrfamilien – Reihenhaus,0 - mit Wohnnutzung,5.0,12.0,0.0,Nein,1870.0,Nein,2013-03-07,Ja,Nein,2 - Zentralheizung,Nein,Nein,Nein,Nein,1996.0,Nein,Nordstraße,57.0,,DESN_0005XLW
91335,0 - Mitte,06 - Zentrum-Nord,Nordstraße,58,,4105.0,01 - Vorderhaus,6 - Privateigentum,13 - Wohngebäude,135 - Mehrfamilien – Reihenhaus,,5.0,13.0,3.0,Nein,1870.0,Nein,2013-03-07,Ja,Nein,2 - Zentralheizung,Nein,Nein,Nein,Nein,1997.0,Nein,Nordstraße,58.0,,DESN_0005XM9
91336,0 - Mitte,06 - Zentrum-Nord,Nordstraße,60,,4105.0,01 - Vorderhaus,6 - Privateigentum,13 - Wohngebäude,135 - Mehrfamilien – Reihenhaus,0 - mit Wohnnutzung,5.0,10.0,0.0,Nein,1870.0,Nein,2013-03-07,Ja,Nein,2 - Zentralheizung,Nein,Nein,Nein,Nein,1999.0,Nein,Nordstraße,60.0,,DESN_0005XM8
91337,0 - Mitte,06 - Zentrum-Nord,Nordstraße,62,,4105.0,01 - Vorderhaus,6 - Privateigentum,13 - Wohngebäude,135 - Mehrfamilien – Reihenhaus,0 - mit Wohnnutzung,5.0,13.0,0.0,Ja,1900.0,Nein,2013-03-07,Ja,Nein,2 - Zentralheizung,Nein,Nein,Nein,Nein,1996.0,Nein,Nordstraße,62.0,,DESN_0005XM7
91338,0 - Mitte,06 - Zentrum-Nord,Nordstraße,64,,4105.0,01 - Vorderhaus,6 - Privateigentum,13 - Wohngebäude,135 - Mehrfamilien – Reihenhaus,,5.0,13.0,0.0,Nein,1870.0,Nein,2013-03-07,Ja,Nein,3 - Ofenheizung,Nein,Nein,Nein,Nein,2008.0,Nein,Nordstraße,64.0,,DESN_0005XM6
91339,0 - Mitte,06 - Zentrum-Nord,Nordstraße,66,,4105.0,01 - Vorderhaus,6 - Privateigentum,13 - Wohngebäude,135 - Mehrfamilien – Reihenhaus,0 - mit Wohnnutzung,5.0,10.0,0.0,Nein,1870.0,Nein,2013-03-07,Ja,Nein,2 - Zentralheizung,Nein,Nein,Nein,Nein,1996.0,Nein,Nordstraße,66.0,,DESN_0005XM5
95072,0 - Mitte,06 - Zentrum-Nord,Parthenstraße,1,,4105.0,01 - Vorderhaus,3 - Genossenschaften,13 - Wohngebäude,135 - Mehrfamilien – Reihenhaus,,5.0,10.0,0.0,Nein,1960.0,Nein,2013-03-07,k.A.,Nein,1 - Fernheizung,Nein,Nein,Nein,Nein,1998.0,Nein,Parthenstraße,1.0,,DESN_0005VR8
95073,0 - Mitte,06 - Zentrum-Nord,Parthenstraße,2,,4105.0,01 - Vorderhaus,3 - Genossenschaften,13 - Wohngebäude,135 - Mehrfamilien – Reihenhaus,,5.0,10.0,0.0,Nein,1960.0,Nein,2013-03-07,k.A.,Nein,1 - Fernheizung,Nein,Nein,Nein,Nein,1998.0,Nein,Parthenstraße,2.0,,DESN_0005VR7
95074,0 - Mitte,06 - Zentrum-Nord,Parthenstraße,3,,4105.0,01 - Vorderhaus,3 - Genossenschaften,13 - Wohngebäude,135 - Mehrfamilien – Reihenhaus,,5.0,10.0,0.0,Nein,1960.0,Nein,2013-03-07,k.A.,Nein,1 - Fernheizung,Nein,Nein,Nein,Nein,1998.0,Nein,Parthenstraße,3.0,,DESN_0005VR5
95075,0 - Mitte,06 - Zentrum-Nord,Parthenstraße,4,,4105.0,01 - Vorderhaus,3 - Genossenschaften,13 - Wohngebäude,135 - Mehrfamilien – Reihenhaus,,5.0,10.0,0.0,Nein,1960.0,Nein,2013-03-07,k.A.,Nein,1 - Fernheizung,Nein,Nein,Nein,Nein,1998.0,Nein,Parthenstraße,4.0,,DESN_0005VR4
95076,0 - Mitte,06 - Zentrum-Nord,Parthenstraße,8,,4105.0,01 - Vorderhaus,6 - Privateigentum,14 - Öffentliche Nutzung,143 - Sonstiges,,3.0,0.0,0.0,Ja,2009.0,Nein,2013-03-07,k.A.,Nein,2 - Zentralheizung,Nein,Nein,Nein,Nein,,Nein,Parthenstraße,8.0,,DESN_000NTYJ
96338,0 - Mitte,06 - Zentrum-Nord,Pfaffendorfer Straße,2,,4105.0,01 - Vorderhaus,6 - Privateigentum,14 - Öffentliche Nutzung,142 - Bürohaus,,5.0,0.0,6.0,Nein,1900.0,Nein,2013-03-07,Ja,Nein,1 - Fernheizung,Nein,Nein,Nein,Nein,1995.0,Nein,Pfaffendorfer Straße,2.0,,DESN_001AZE2
96339,0 - Mitte,06 - Zentrum-Nord,Pfaffendorfer Straße,2,,4105.0,01 - Vorderhaus,6 - Privateigentum,14 - Öffentliche Nutzung,142 - Bürohaus,,5.0,0.0,6.0,Nein,1900.0,Nein,2013-03-07,Ja,Nein,1 - Fernheizung,Nein,Nein,Nein,Nein,1995.0,Nein,Pfaffendorfer Straße,2.0,,DESN_001AZE5
96344,0 - Mitte,06 - Zentrum-Nord,Pfaffendorfer Straße,6,,4105.0,01 - Vorderhaus,6 - Privateigentum,14 - Öffentliche Nutzung,143 - Sonstiges,,6.0,0.0,0.0,Ja,1992.0,Nein,2013-03-07,k.A.,Nein,2 - Zentralheizung,Nein,Nein,Nein,Nein,,Nein,Pfaffendorfer Straße,6.0,,DESN_0005VPB
96349,0 - Mitte,06 - Zentrum-Nord,Pfaffendorfer Straße,12,,4105.0,01 - Vorderhaus,6 - Privateigentum,14 - Öffentliche Nutzung,143 - Sonstiges,,5.0,0.0,0.0,Nein,1870.0,Nein,2013-03-07,Ja,Nein,2 - Zentralheizung,Nein,Nein,Nein,Ja,,Nein,Pfaffendorfer Straße,12.0,,DESN_0005S7U
96355,0 - Mitte,06 - Zentrum-Nord,Pfaffendorfer Straße,16,,4105.0,01 - Vorderhaus,6 - Privateigentum,13 - Wohngebäude,135 - Mehrfamilien – Reihenhaus,,5.0,6.0,0.0,Nein,1870.0,Nein,2013-03-07,Ja,Nein,2 - Zentralheizung,Nein,Nein,Nein,Nein,2008.0,Nein,Pfaffendorfer Straße,16.0,,DESN_0005SHW
96359,0 - Mitte,06 - Zentrum-Nord,Pfaffendorfer Straße,18,,4105.0,01 - Vorderhaus,6 - Privateigentum,13 - Wohngebäude,135 - Mehrfamilien – Reihenhaus,,4.0,7.0,2.0,Nein,1870.0,Nein,2013-03-07,k.A.,Nein,2 - Zentralheizung,Nein,Nein,Nein,Nein,1998.0,Nein,Pfaffendorfer Straße,18.0,,DESN_0005VP3
96361,0 - Mitte,06 - Zentrum-Nord,Pfaffendorfer Straße,18,,4105.0,83 - Hinterhaus,6 - Privateigentum,13 - Wohngebäude,134 - Mehrfamilien – Einzelhaus,0 - mit Wohnnutzung,3.0,10.0,0.0,Nein,1870.0,Nein,2013-03-07,Ja,Nein,2 - Zentralheizung,Nein,Nein,Nein,Nein,2001.0,Nein,Pfaffendorfer Straße,18.0,,DESN_0005VP3
96363,0 - Mitte,06 - Zentrum-Nord,Pfaffendorfer Straße,20,,4105.0,01 - Vorderhaus,6 - Privateigentum,13 - Wohngebäude,135 - Mehrfamilien – Reihenhaus,,7.0,19.0,2.0,Ja,1998.0,Nein,2013-03-07,k.A.,Nein,1 - Fernheizung,Nein,Nein,Nein,Nein,,Nein,Pfaffendorfer Straße,20.0,,DESN_0006UXM
96366,0 - Mitte,06 - Zentrum-Nord,Pfaffendorfer Straße,20,,4105.0,83 - Hinterhaus,6 - Privateigentum,13 - Wohngebäude,134 - Mehrfamilien – Einzelhaus,0 - mit Wohnnutzung,3.0,5.0,0.0,Nein,1998.0,Nein,2013-03-07,k.A.,Nein,1 - Fernheizung,Nein,Nein,Nein,Nein,,Nein,Pfaffendorfer Straße,20.0,,DESN_0006UXM
96375,0 - Mitte,06 - Zentrum-Nord,Pfaffendorfer Straße,26,,4105.0,01 - Vorderhaus,6 - Privateigentum,13 - Wohngebäude,134 - Mehrfamilien – Einzelhaus,,3.0,3.0,1.0,Nein,1870.0,Nein,2013-03-07,Ja,Nein,2 - Zentralheizung,Nein,Nein,Nein,Nein,1998.0,Nein,Pfaffendorfer Straße,26.0,,DESN_000CCJB
96575,0 - Mitte,06 - Zentrum-Nord,Pfaffendorfer Straße,44,,4105.0,01 - Vorderhaus,6 - Privateigentum,13 - Wohngebäude,135 - Mehrfamilien – Reihenhaus,0 - mit Wohnnutzung,5.0,4.0,0.0,Nein,1900.0,Nein,2013-03-07,k.A.,Nein,2 - Zentralheizung,Nein,Nein,Nein,Nein,2012.0,Nein,Pfaffendorfer Straße,44.0,,DESN_0005XLE
96577,0 - Mitte,06 - Zentrum-Nord,Pfaffendorfer Straße,48,,4105.0,01 - Vorderhaus,6 - Privateigentum,13 - Wohngebäude,135 - Mehrfamilien – Reihenhaus,0 - mit Wohnnutzung,5.0,24.0,0.0,Nein,1900.0,Nein,2013-03-07,Ja,Nein,2 - Zentralheizung,Nein,Nein,Nein,Nein,2009.0,Nein,Pfaffendorfer Straße,48.0,,DESN_0005XLL
96579,0 - Mitte,06 - Zentrum-Nord,Pfaffendorfer Straße,52,,4105.0,01 - Vorderhaus,6 - Privateigentum,13 - Wohngebäude,135 - Mehrfamilien – Reihenhaus,,5.0,11.0,1.0,Nein,1870.0,Nein,2013-03-07,Ja,Nein,2 - Zentralheizung,Nein,Nein,Nein,Nein,2013.0,Nein,Pfaffendorfer Straße,52.0,,DESN_0005XLN
96581,0 - Mitte,06 - Zentrum-Nord,Pfaffendorfer Straße,56,,4105.0,01 - Vorderhaus,6 - Privateigentum,13 - Wohngebäude,135 - Mehrfamilien – Reihenhaus,0 - mit Wohnnutzung,5.0,12.0,0.0,Nein,1900.0,Nein,2013-03-07,Ja,Nein,2 - Zentralheizung,Nein,Nein,Nein,Nein,1998.0,Nein,Pfaffendorfer Straße,56.0,,DESN_0005XLT
105607,0 - Mitte,06 - Zentrum-Nord,Roscherstraße,4,,4105.0,01 - Vorderhaus,6 - Privateigentum,14 - Öffentliche Nutzung,143 - Sonstiges,,1.0,0.0,0.0,Nein,1999.0,Nein,2013-03-08,k.A.,Nein,2 - Zentralheizung,Nein,Nein,Nein,Nein,,Nein,Roscherstraße,4.0,,DESN_001AVIY
105609,0 - Mitte,06 - Zentrum-Nord,Roscherstraße,6,,4105.0,01 - Vorderhaus,4 - Sonstige,14 - Öffentliche Nutzung,143 - Sonstiges,,1.0,0.0,0.0,Nein,1950.0,Nein,2013-03-08,k.A.,Nein,,Nein,Nein,Nein,Nein,,Nein,Roscherstraße,6.0,,DESN_0005XQ7
124405,0 - Mitte,06 - Zentrum-Nord,Tröndlinring,8,,4105.0,01 - Vorderhaus,6 - Privateigentum,14 - Öffentliche Nutzung,143 - Sonstiges,,5.0,0.0,0.0,Ja,1900.0,Nein,2010-06-08,Ja,Nein,2 - Zentralheizung,Nein,Nein,Nein,Nein,2005.0,Nein,Tröndlinring,8.0,,DESN_0006162
124978,0 - Mitte,06 - Zentrum-Nord,Uferstraße,13,,4105.0,01 - Vorderhaus,6 - Privateigentum,14 - Öffentliche Nutzung,142 - Bürohaus,,7.0,0.0,0.0,Ja,1996.0,Nein,2013-03-07,k.A.,Nein,2 - Zentralheizung,Nein,Nein,Nein,Nein,,Nein,Uferstraße,13.0,,DESN_0005VQR
124980,0 - Mitte,06 - Zentrum-Nord,Uferstraße,17,,4105.0,01 - Vorderhaus,6 - Privateigentum,13 - Wohngebäude,135 - Mehrfamilien – Reihenhaus,,6.0,12.0,0.0,Ja,1870.0,Nein,2013-03-07,Ja,Nein,1 - Fernheizung,Nein,Nein,Nein,Nein,1999.0,Nein,Uferstraße,17.0,,DESN_0005VPR
124981,0 - Mitte,06 - Zentrum-Nord,Uferstraße,18,,4105.0,01 - Vorderhaus,6 - Privateigentum,13 - Wohngebäude,135 - Mehrfamilien – Reihenhaus,0 - mit Wohnnutzung,5.0,23.0,0.0,Ja,1870.0,Nein,2013-03-07,Ja,Nein,1 - Fernheizung,Nein,Nein,Nein,Nein,1999.0,Nein,Uferstraße,18.0,,DESN_0005VPD
124985,0 - Mitte,06 - Zentrum-Nord,Uferstraße,21,,4105.0,01 - Vorderhaus,6 - Privateigentum,13 - Wohngebäude,134 - Mehrfamilien – Einzelhaus,,3.0,6.0,4.0,Nein,1870.0,Nein,2013-03-07,Ja,Nein,2 - Zentralheizung,Nein,Nein,Nein,Nein,1999.0,Nein,Uferstraße,21.0,,DESN_0005VOW
124986,0 - Mitte,06 - Zentrum-Nord,Uferstraße,21,,4105.0,01 - Vorderhaus,6 - Privateigentum,13 - Wohngebäude,134 - Mehrfamilien – Einzelhaus,,3.0,6.0,4.0,Nein,1870.0,Nein,2013-03-07,Ja,Nein,2 - Zentralheizung,Nein,Nein,Nein,Nein,1999.0,Nein,Uferstraße,21.0,,DESN_0005VOX
124987,0 - Mitte,06 - Zentrum-Nord,Uferstraße,21,,4105.0,01 - Vorderhaus,6 - Privateigentum,13 - Wohngebäude,134 - Mehrfamilien – Einzelhaus,,3.0,6.0,4.0,Nein,1870.0,Nein,2013-03-07,Ja,Nein,2 - Zentralheizung,Nein,Nein,Nein,Nein,1999.0,Nein,Uferstraße,21.0,,DESN_0005VOV
131387,0 - Mitte,06 - Zentrum-Nord,Wilhelm-Liebknecht-Platz,3,,4105.0,01 - Vorderhaus,4 - Sonstige,14 - Öffentliche Nutzung,142 - Bürohaus,,5.0,0.0,0.0,Ja,1900.0,Nein,2002-10-23,Ja,Nein,2 - Zentralheizung,Nein,Nein,Nein,Nein,2000.0,Nein,Wilhelm-Liebknecht-Platz,3.0,,DESN_0005XPX
131388,0 - Mitte,06 - Zentrum-Nord,Wilhelm-Liebknecht-Platz,3,,4105.0,01 - Vorderhaus,4 - Sonstige,14 - Öffentliche Nutzung,142 - Bürohaus,,5.0,0.0,0.0,Ja,1900.0,Nein,2002-10-23,Ja,Nein,2 - Zentralheizung,Nein,Nein,Nein,Nein,2000.0,Nein,Wilhelm-Liebknecht-Platz,3.0,,DESN_58190
131392,0 - Mitte,06 - Zentrum-Nord,Wilhelm-Liebknecht-Platz,6,,4105.0,01 - Vorderhaus,6 - Privateigentum,13 - Wohngebäude,135 - Mehrfamilien – Reihenhaus,,5.0,10.0,0.0,Nein,1870.0,Nein,2004-05-03,Ja,Nein,3 - Ofenheizung,Nein,Nein,Nein,Nein,,Nein,Wilhelm-Liebknecht-Platz,6.0,,DESN_0006181
131393,0 - Mitte,06 - Zentrum-Nord,Wilhelm-Liebknecht-Platz,7,,4105.0,01 - Vorderhaus,6 - Privateigentum,14 - Öffentliche Nutzung,143 - Sonstiges,,,,,Nein,1900.0,Ja,,k.A.,Nein,1 - Fernheizung,Nein,Nein,Nein,Nein,2012.0,Ja,Wilhelm-Liebknecht-Platz,7.0,,DESN_0005XP2
132024,0 - Mitte,06 - Zentrum-Nord,Willy-Brandt-Platz,2,,4109.0,01 - Vorderhaus,1 - Kommunal,14 - Öffentliche Nutzung,143 - Sonstiges,,3.0,0.0,0.0,Nein,1915.0,Nein,2010-04-20,Ja,Nein,2 - Zentralheizung,Nein,Nein,Nein,Nein,,Nein,Willy-Brandt-Platz,2.0,,DESN_{05BDD5DF-6652-4501-8F8A-BC10B11CB684}
132025,0 - Mitte,06 - Zentrum-Nord,Willy-Brandt-Platz,2,,4109.0,01 - Vorderhaus,1 - Kommunal,14 - Öffentliche Nutzung,143 - Sonstiges,,3.0,0.0,0.0,Nein,1915.0,Nein,2010-04-20,Ja,Nein,2 - Zentralheizung,Nein,Nein,Nein,Nein,,Nein,Willy-Brandt-Platz,2.0,,DESN_{C7E32081-F63F-4319-81F6-95C4F3F85C79}
132026,0 - Mitte,06 - Zentrum-Nord,Willy-Brandt-Platz,2,,4109.0,01 - Vorderhaus,1 - Kommunal,14 - Öffentliche Nutzung,143 - Sonstiges,,3.0,0.0,0.0,Nein,1915.0,Nein,2010-04-20,Ja,Nein,2 - Zentralheizung,Nein,Nein,Nein,Nein,,Nein,Willy-Brandt-Platz,2.0,,DESN_000TTCM
132027,0 - Mitte,06 - Zentrum-Nord,Willy-Brandt-Platz,2,,4109.0,01 - Vorderhaus,1 - Kommunal,14 - Öffentliche Nutzung,143 - Sonstiges,,3.0,0.0,0.0,Nein,1915.0,Nein,2010-04-20,Ja,Nein,2 - Zentralheizung,Nein,Nein,Nein,Nein,,Nein,Willy-Brandt-Platz,2.0,,DESN_{59C5DDE2-2B25-4231-AB45-8EE0DE92E820}
